area,household,adults,working,children,hourly,price_basis,fetched
metros_35380,a1_w1_c0,1,1,0,20.49,December 2025,2026-09-27
metros_35380,a1_w1_c1,1,1,1,34.49,December 2025,2026-09-27
metros_35380,a1_w1_c2,1,1,2,43.3,December 2025,2026-09-27
metros_35380,a1_w1_c3,1,1,3,53.62,December 2025,2026-09-27
metros_35380,a2_w1_c0,2,1,0,28.98,December 2025,2026-09-27
metros_35380,a2_w1_c1,2,1,1,34.58,December 2025,2026-09-27
metros_35380,a2_w1_c2,2,1,2,37.17,December 2025,2026-09-27
metros_35380,a2_w1_c3,2,1,3,42.75,December 2025,2026-09-27
metros_35380,a2_w2_c0,2,2,0,14.49,December 2025,2026-09-27
metros_35380,a2_w2_c1,2,2,1,19.98,December 2025,2026-09-27
metros_35380,a2_w2_c2,2,2,2,23.87,December 2025,2026-09-27
metros_35380,a2_w2_c3,2,2,3,28.52,December 2025,2026-09-27
