COW,NAICSP,bea_line
1,111,3
1,112,3
1,114,3
1,115,3
1,211,6
1,2121,6
1,2122,6
1,213,6
1,2211P,10
1,2212P,10
1,22132,10
1,2213M,10
1,221MP,10
1,22S,10
1,23,11
1,3113,12
1,3114,12
1,3116,12
1,311811,12
1,3118Z,12
1,311M1,12
1,311M2,12
1,3121,12
1,3132Z,12
1,314Z,12
1,315M,12
1,3211,12
1,3219ZM,12
1,3221,12
1,3222M,12
1,3231,12
1,32411,12
1,3241M,12
1,3252,12
1,3253,12
1,3254,12
1,3255,12
1,3256,12
1,325M,12
1,3261,12
1,3262M,12
1,32711,12
1,32712,12
1,3272,12
1,3279,12
1,327M,12
1,3313,12
1,331M,12
1,3321,12
1,3327,12
1,332M,12
1,332MZ,12
1,33311,12
1,3331M,12
1,3333,12
1,333MS,12
1,3341,12
1,334M2,12
1,335M,12
1,33641M1,12
1,33641M2,12
1,3366,12
1,3369,12
1,336M,12
1,337,12
1,3391,12
1,3399ZM,12
1,3MS,12
1,4231,34
1,4232,34
1,4233,34
1,4234,34
1,4235,34
1,4236,34
1,4237,34
1,4238,34
1,42393,34
1,4239Z,34
1,4241,34
1,4243,34
1,4244,34
1,4245,34
1,4247,34
1,4248,34
1,4249Z,34
1,424M,34
1,4251,34
1,42S,34
1,4411,35
1,4412,35
1,4413,35
1,44414,35
1,4441Z,35
1,4442,35
1,44511,35
1,44513,35
1,4452,35
1,4453,35
1,4491,35
1,4492,35
1,4551,35
1,4552,35
1,45611,35
1,4561Z,35
1,4571,35
1,4572,35
1,4581,35
1,4582,35
1,4583,35
1,45914,35
1,4591M,35
1,45921,35
1,4593,35
1,45941,35
1,45942,35
1,4595,35
1,4599,35
1,481,36
1,482,36
1,483,36
1,484,36
1,4853,36
1,485M,36
1,486,36
1,487,36
1,488,36
1,491,36
1,492,36
1,493,36
1,4MS,35
1,5121,45
1,5122,45
1,51311,45
1,5131Z,45
1,5132,45
1,516,45
1,517111,45
1,517Z,45
1,5182,45
1,51921,45
1,51929,45
1,5221M,51
1,522M,51
1,5241,51
1,5242,51
1,52M2,51
1,52M3,51
1,5313,56
1,531M,56
1,5321,56
1,532M2,56
1,53M,56
1,5411,60
1,5412,60
1,5413,60
1,5414,60
1,5415,60
1,5416,60
1,5417,60
1,5418,60
1,54194,60
1,5419Z,60
1,55,64
1,5613,65
1,5614,65
1,5615,65
1,5616,65
1,56173,65
1,5617Z,65
1,561M,65
1,562,65
1,6111,69
1,611M1,69
1,611M2,69
1,611M3,69
1,6211,70
1,6212,70
1,62131,70
1,62132,70
1,6213ZM,70
1,6214,70
1,6216,70
1,621M,70
1,6222,70
1,622M,70
1,6231,70
1,623M,70
1,6241,70
1,6242,70
1,6243,70
1,6244,70
1,7111,76
1,7112,76
1,7115,76
1,711M,76
1,712,76
1,71395,76
1,713Z,76
1,7211,79
1,721M,79
1,7224,79
1,722Z,79
1,811192,82
1,8111Z,82
1,8112,82
1,8113,82
1,8114,82
1,812111,82
1,812112,82
1,8121M,82
1,8122,82
1,8123,82
1,8129,82
1,814,82
2,111,3
2,213,6
2,2211P,10
2,2213M,10
2,23,11
2,3113,12
2,315M,12
2,3231,12
2,32411,12
2,3241M,12
2,3366,12
2,4247,34
2,44511,35
2,4552,35
2,45611,35
2,4571,35
2,45913,35
2,45921,35
2,45942,35
2,4595,35
2,4599,35
2,483,36
2,484,36
2,4853,36
2,485M,36
2,487,36
2,488,36
2,491,36
2,492,36
2,4MS,35
2,5121,45
2,51311,45
2,5131Z,45
2,517111,45
2,51921,45
2,5221M,51
2,522M,51
2,5241,51
2,5242,51
2,52M3,51
2,5313,56
2,531M,56
2,5411,60
2,5413,60
2,5415,60
2,5416,60
2,5417,60
2,5418,60
2,54194,60
2,5419Z,60
2,5613,65
2,5614,65
2,5615,65
2,5616,65
2,56173,65
2,5617Z,65
2,561M,65
2,562,65
2,6111,69
2,611M1,69
2,611M2,69
2,611M3,69
2,6211,70
2,6212,70
2,62132,70
2,6213ZM,70
2,6214,70
2,6216,70
2,621M,70
2,6222,70
2,622M,70
2,6231,70
2,623M,70
2,6241,70
2,6242,70
2,6243,70
2,6244,70
2,7111,76
2,7115,76
2,711M,76
2,712,76
2,71395,76
2,713Z,76
2,7211,79
2,721M,79
2,722Z,79
2,8111Z,82
2,812111,82
2,8122,82
2,8131,82
2,81393,82
2,8139Z,82
2,813M,82
3,22132,83
3,2213M,83
3,221MP,83
3,23,83
3,3231,83
3,33641M1,83
3,44511,83
3,45611,83
3,482,83
3,4853,83
3,485M,83
3,488,83
3,492,83
3,516,83
3,517111,83
3,51921,83
3,531M,83
3,5411,83
3,5412,83
3,5413,83
3,5415,83
3,5416,83
3,5613,83
3,5616,83
3,5617Z,83
3,562,83
3,6111,83
3,611M1,83
3,6211,83
3,6213ZM,83
3,6214,83
3,621M,83
3,622M,83
3,6241,83
3,6244,83
3,712,83
3,713Z,83
3,7211,83
3,722Z,83
3,8122,83
3,92113,83
3,92119,83
3,9211MP,83
3,923,83
3,92M1,83
3,92M2,83
3,92MP,83
4,22132,83
4,2213M,83
4,23,83
4,3231,83
4,3366,83
4,3399ZM,83
4,485M,83
4,487,83
4,488,83
4,51311,83
4,516,83
4,51921,83
4,5241,83
4,531M,83
4,5411,83
4,5413,83
4,5415,83
4,5417,83
4,5613,83
4,6111,83
4,611M1,83
4,611M3,83
4,6211,83
4,6214,83
4,6216,83
4,621M,83
4,6222,83
4,622M,83
4,6241,83
4,6242,83
4,6244,83
4,712,83
4,713Z,83
4,722Z,83
4,814,83
4,92113,83
4,92119,83
4,9211MP,83
4,923,83
4,9281P,83
4,92M1,83
4,92M2,83
4,92MP,83
5,2211P,83
5,23,83
5,32411,83
5,33641M1,83
5,33641M2,83
5,3366,83
5,4251,83
5,44511,83
5,45611,83
5,482,83
5,483,83
5,488,83
5,491,83
5,5132,83
5,522M,83
5,52M2,83
5,52M3,83
5,531M,83
5,5413,83
5,5415,83
5,5416,83
5,5417,83
5,54194,83
5,5613,83
5,5614,83
5,5616,83
5,5617Z,83
5,6111,83
5,611M1,83
5,6212,83
5,6214,83
5,6216,83
5,621M,83
5,622M,83
5,6231,83
5,623M,83
5,6244,83
5,712,83
5,713Z,83
5,7211,83
5,722Z,83
5,8113,83
5,812111,83
5,92113,83
5,92119,83
5,9211MP,83
5,923,83
5,92811P1,83
5,92811P2,83
5,92811P3,83
5,92811P4,83
5,92811P5,83
5,92811P6,83
5,92811P7,83
5,9281P,83
5,92M1,83
5,92M2,83
5,92MP,83
