bea_line,workers,workers_se,below,below_se,share_below,share_below_se,total_gap,total_gap_se,mean_short_hr,mean_short_hr_se,mean_short_yr,mean_short_yr_se,window,label,workers_moe,below_moe,share_below_moe,total_gap_moe,mean_short_hr_moe,mean_short_yr_moe
10,1918.0,317.8716722200958,236.0,105.63001467386057,0.12304483837330553,0.05009604969444665,2440320.2517039464,1249127.7984940251,4.510087065370414,1.0902025725094613,10340.340049592993,2361.498250453432,pool,Utilities,522.8989008020576,173.76137413850066,0.08240800174736473,2054815.2285226714,1.7933832317780638,3884.6646219958957
11,10042.0,571.7322362784872,3923.0,431.84707941585066,0.3906592312288389,0.038551584450626286,55452954.1522421,8848140.59210401,6.980546703706217,0.5072879373657768,14135.343908295208,1593.4112085464435,pool,Construction,940.4995286781115,710.3884456390743,0.06341735642128024,14555191.274011098,0.8344886569667028,2621.1614380588994
12,7088.0,524.3161260155938,1577.0,209.7951381705496,0.22248871331828443,0.026724567143363777,23214701.34437122,4109701.555087347,7.774459479620524,0.5767559384587465,14720.79983790185,1434.8292864389837,pool,Manufacturing,862.5000272956518,345.1130022905541,0.04396191295083341,6760459.058118686,0.948763518764638,2360.2941761921284
3,125.0,40.16590594023743,75.0,30.132208681077465,0.6,0.16727397791917487,1117283.4881771572,560525.9694252725,9.220403037970398,1.8113091450867014,14897.11317569543,4282.389691362362,pool,"Agriculture, forestry, fishing and hunting",66.07291527169058,49.56748328037243,0.27516569367704263,922065.2197045734,2.979603543667624,7044.531042291086
34,2560.0,381.22145794800167,830.0,227.60579957461542,0.32421875,0.06947188812927378,8554737.47016208,2542179.736326176,5.168591468178021,0.9452201479578688,10306.912614653109,1929.2509127194057,pool,Wholesale trade,627.1092983244628,374.4115403002424,0.11428125597265537,4181885.66625656,1.5548871433906941,3173.6177514234223
35,12824.0,770.2369116057735,8464.0,680.8623576024746,0.6600124766063631,0.028691328236518057,115926006.57207039,12979521.843374785,7.890155771469253,0.380070833361659,13696.36183507448,887.3849436968493,pool,Retail trade,1267.0397195914973,1120.0185782560707,0.04719723494907221,21351313.432351522,0.6252165208799291,1459.7482323813172
36,7834.0,632.0742045045029,3445.0,468.8170752009786,0.4397498085269339,0.03632893965579732,59928469.46261424,10199604.64064319,8.153637701437196,0.5453429845469479,17395.782137188457,1458.9459007050812,pool,Transportation and warehousing,1039.7620664099072,771.2040887056098,0.05976110573378659,16778349.633858047,0.8970892095797293,2399.9660066598585
45,3289.0,339.1865268550624,972.0,191.20329495068856,0.2955305564001216,0.046634055506460395,13721601.422804914,3367030.8622932737,7.845247129680613,0.8537109272624038,14116.873891774603,2421.6056986739577,pool,Information,557.9618366765777,314.5294201938827,0.07671302130812735,5538765.768472435,1.4043544753466544,3983.5413743186605
51,6464.0,417.37447214701575,1600.0,257.1413035667355,0.24752475247524752,0.03198123666796752,15835550.764717601,2960927.1167071215,5.402672702778366,0.5813732542063624,9897.2192279485,1157.8335405571509,pool,Finance and insurance,686.5810066818409,422.99744436727985,0.052609134318806566,4870725.106983215,0.9563590031694662,1904.6361742165132
56,2802.0,353.0820018069457,1130.0,278.3594798098315,0.403283369022127,0.07195620862065,13163065.863412714,3655148.632948451,5.664905155640427,0.7980455873196518,11648.730852577622,1700.774481598407,pool,Real estate and rental and leasing,580.8198929724257,457.90134428717283,0.11836796318096925,6012719.501200202,1.3127849911408271,2797.7740222293796
6,964.0,204.55500482755244,222.0,143.64939958106334,0.23029045643153526,0.1234135778857263,1072636.5730976148,916956.8368665129,1.7993739135676345,1.2099849755346321,4831.696275214481,5830.415105456868,pool,"Mining, quarrying, and oil and gas extraction",336.49298294132376,236.3032623108492,0.20301533562201976,1508393.9966454138,1.99042528475447,9591.032848476549
60,16939.0,909.2699544139793,2329.0,288.2366215455628,0.13749335852175454,0.015608789690470783,30167255.653796393,4881550.49588861,7.305006578156929,0.5108877669301961,12952.879198710347,1467.648258148173,pool,"Professional, scientific, and technical services",1495.749075010996,474.1492424424508,0.025676459040824436,8030150.565736764,0.8404103766001726,2414.2813846537447
64,252.0,127.32949383391109,0.0,0.0,0.0,0.0,0.0,0.0,0.0,0.0,0.0,0.0,pool,Management of companies and enterprises,209.45701735678375,0.0,0.0,0.0,0.0,0.0
65,5893.0,450.9461165150444,3020.0,308.64510363846694,0.5124724249109113,0.035156679782685385,36377975.47782034,4972410.4234988,7.203089799222102,0.4255554704778385,12045.68724431137,972.8098928812087,pool,Administrative and support and waste management and remediation services,741.8063616672481,507.7211954852781,0.05783273824251746,8179615.146655526,0.7000387489360443,1600.2722737895883
69,18246.0,781.868435224239,5366.0,497.86077371088396,0.2940918557492053,0.02371144739633477,60039424.7083254,7538219.567671712,7.680694580517131,0.4656823321908914,11188.860363087102,804.9830553764201,pool,Educational services,1286.1735759438732,818.9809727544041,0.039005330966970696,12400371.188819965,0.7660474364540163,1324.1971260942112
70,26035.0,882.7243057716265,9323.0,569.5665018239749,0.3580948722873056,0.01831704628740444,116391398.59816727,9901267.337609056,6.479950166302034,0.2728262495393495,12484.328928259925,690.4884387828944,pool,Health care and social assistance,1452.0814829943256,936.9368955004388,0.030131541142780306,16287584.770366898,0.4487991804922299,1135.8534817978611
76,4715.0,354.12448376241935,2489.0,274.47440682147396,0.5278897136797455,0.040378008998783396,31970738.069822483,5350742.464725842,8.535908361228131,0.6515059777355292,12844.812402499992,1519.8638799518023,pool,"Arts, entertainment, and recreation",582.5347757891798,451.5103992213247,0.06642182480299869,8801971.35447401,1.0717273333749455,2500.1760825207148
79,21823.0,864.1186261156508,14793.0,768.8176962063243,0.6778628052971636,0.02090621982497414,200105353.86562413,14142113.168676753,8.389564215051937,0.2321189433125756,13527.029937512616,663.8124725292645,pool,Accommodation and food services,1421.4751399602455,1264.7051102594035,0.03439073161208246,23263776.162473258,0.38183566174918687,1091.9715173106401
82,7707.0,551.1253940801495,3170.0,398.5471113933709,0.4113143895160244,0.037559881047902574,52118959.262046166,7507815.473129955,8.650903574359345,0.3800276418213783,16441.312070046108,1112.4190658736402,pool,Other services (except government and government enterprises),906.6012732618459,655.6099982420952,0.061786004323799736,12350356.453298775,0.6251454707961673,1829.9293633621382
83,37755.0,1169.628402527914,9933.0,589.0534356066519,0.26309098132697656,0.013262979051656859,116294727.5076063,10498876.972405992,6.372388791645454,0.25920322784738786,11707.915786530382,671.5098970285416,pool,Government and government enterprises,1924.0387221584185,968.9929015729423,0.021817600539975533,17270652.61960786,0.42638930980895307,1104.633780611951
10,2041.6666666666665,331.04149622399643,240.00000000000003,146.86681419269337,0.11755102040816329,0.06854112162760835,3095558.8843899113,2040686.066141039,5.43637411264519,1.0126569858781924,12898.162018291296,1450.619361730345,subset,Utilities,544.5632612884741,241.5959093469806,0.11275014507741574,3356928.578802009,1.6658207417696265,2386.2688500464174
11,9181.666666666666,695.0583508678324,3933.333333333333,513.1635271095906,0.4283899074242149,0.046283110143214325,55484757.85180326,10633885.57020865,7.132606484054968,0.6629412328513994,14106.294369102525,1710.5691077918761,subset,Construction,1143.3709871775843,844.1540020952766,0.07613571618558757,17492741.76299323,1.090538328040552,2813.886182317636
12,7488.333333333332,621.8506206834925,1808.3333333333335,304.0412983644017,0.24148675717783225,0.03677035100049473,26687945.598573454,5896501.77093696,7.365635805346042,0.7534995824136004,14758.310930086702,1863.7231166680224,subset,Manufacturing,1022.9442710243451,500.1479358094408,0.06048722739581383,9699745.4131913,1.2395068130703726,3065.824526918897
3,108.33333333333334,52.589870169495995,60.00000000000001,37.15956583887026,0.5538461538461539,0.2515411788860267,1459276.5908214536,887279.6902510574,10.953838615355904,0.44266200167892955,24321.27651369089,417.1651759745456,subset,"Agriculture, forestry, fishing and hunting",86.5103364288209,61.12748580494157,0.41378523926751387,1459575.0904629894,0.7281789927618392,686.2367144781275
34,2563.3333333333335,498.6465013748049,1008.3333333333334,345.241260248218,0.3933680104031209,0.09280474130023927,11077446.705220852,3972542.9481328377,5.6954630941552375,1.1976176419967124,10985.897558896713,2477.2922539214255,subset,Wholesale trade,820.2734947615542,567.9218731083187,0.1526637994388936,6534833.149678518,1.9700810210845918,4075.145757700745
35,12335.000000000002,997.1828373528656,8220.0,795.4819468584926,0.6663964329144709,0.03371062952564072,103550023.88155779,11612718.367736652,7.430411636476957,0.4331490831369026,12597.326506272237,874.1384729016837,subset,Retail trade,1640.365767445464,1308.5678025822203,0.05545398556967898,19102921.714926794,0.7125302417602047,1437.9577879232697
36,7981.666666666665,852.1538886844322,3513.3333333333335,601.2662564214886,0.4401754019628316,0.04302335896344983,66323915.13424024,14023028.65987993,8.952248588901293,0.7332326730252247,18877.774706140484,1996.9969662304945,subset,Transportation and warehousing,1401.793146885891,989.0829918133487,0.07077342549487498,23067882.145502485,1.2061677471264947,3285.0600094491638
45,3195.000000000001,433.55955633440834,928.3333333333333,230.27821337581105,0.2905581637976003,0.06389802308098447,11258393.704977537,3620246.849311841,6.811277980934772,1.2744720825482423,12127.533613979394,2686.561113106621,subset,Information,713.2054701701018,378.8076610032092,0.10511224796821945,5955306.067117979,2.0965065757918584,4419.393031060392
51,6551.666666666667,595.3735988622792,1626.6666666666665,373.98473676519654,0.24828287967438306,0.04901056031038958,15286083.884026397,4171958.2412525974,5.105430482182325,0.6691083727712093,9397.18271559,1292.827329402028,subset,Finance and insurance,979.3895701284493,615.2048919787484,0.08062237171059085,6862871.306860522,1.1006832732086393,2126.700956866336
56,2231.666666666667,266.48952449705536,656.6666666666667,173.7882651709002,0.29424943988050783,0.06624318524833324,7045658.923556225,3235994.4912821017,5.83469660220146,1.4415486553389008,10729.429832826738,3120.0554250873192,subset,Real estate and rental and leasing,438.3752677976561,285.8816962061308,0.10897003973350818,5323210.938159057,2.371347538032492,5132.49117426864
6,1001.6666666666667,311.11269840864924,251.66666666666669,219.45798129836965,0.2512479201331115,0.17752951277821077,64595.14566895188,51468.24721139788,0.8469670711640462,0.06392016478591855,256.66945298921274,386.56209984171124,subset,"Mining, quarrying, and oil and gas extraction",511.780388882228,361.0083792358181,0.29203604852015674,84665.26666274952,0.10514867107283603,635.894654239615
60,19266.666666666668,1131.1136965152725,2825.0,410.4056259090241,0.14662629757785467,0.018954113985476334,38378342.22906801,7754217.045592636,7.532858855863534,0.5905853808967988,13585.253886395756,1735.1087055219864,subset,"Professional, scientific, and technical services",1860.6820307676232,675.1172546203446,0.03117951750610857,12755687.039999885,0.971512951575234,2854.2538205836677
64,126.66666666666666,64.11469756962474,0.0,0.0,0.0,0.0,0.0,0.0,0.0,0.0,0.0,0.0,subset,Management of companies and enterprises,105.46867750203269,0.0,0.0,0.0,0.0,0.0
65,6115.0,574.1435650891972,2785.0,353.20241285195726,0.455437448896157,0.0425891279244868,35863007.37710016,6043510.811438215,7.899152399624264,0.4818329273238056,12877.201930736144,1194.6226162390215,subset,Administrative and support and waste management and remediation services,944.4661645717293,581.0179691414697,0.07005911543578078,9941575.284815865,0.7926151654476602,1965.1542037131903
69,19148.333333333336,1054.1673254279892,6341.666666666668,660.3334595322112,0.33118635216293846,0.028936748185498802,73278364.31608348,11089262.644362098,8.167840334418944,0.5846415957215334,11555.06401830488,1109.1479007796413,subset,Educational services,1734.1052503290423,1086.2485409304875,0.04760095076514553,18241837.049975652,0.9617354249619224,1824.54829678251
70,26345.0,1137.4594009848834,9469.999999999998,780.9298232804846,0.35946099829189593,0.025107215626064557,105174174.0647037,10013466.472099135,5.888231085733305,0.28025569723330446,11106.037388036293,608.6665524930063,subset,Health care and social assistance,1871.1207146201332,1284.6295592963972,0.0413013697048762,16472152.346603077,0.46102062194878585,1001.2564788509953
76,5428.333333333334,498.8791603852247,2796.6666666666665,337.16506013787637,0.515198035001535,0.04919372058764828,35067038.42626177,7890040.661387714,9.033628151505678,0.860559751555368,12538.869520713386,2070.5115283644313,subset,"Arts, entertainment, and recreation",820.6562188336947,554.6365239268066,0.08092367036668142,12979116.88798279,1.4156207913085803,3405.9914641594896
79,22213.333333333332,1286.0079812263136,14943.333333333336,1105.5192344675772,0.6727190876350542,0.0245651187537713,196267322.80971566,19482254.925419495,8.557145168520726,0.3031090363005213,13134.105920792928,884.73989120886,subset,Accommodation and food services,2115.483129117286,1818.5791406991646,0.04040962034995379,32048309.35231507,0.4986143647143575,1455.3971210385746
82,7506.666666666667,743.5381817887886,3043.333333333333,460.9394091297563,0.4054174067495559,0.04801300236410082,47464557.20094882,8131528.397140718,8.527225662315434,0.5099454236009574,15596.240044123382,1608.5260466442912,subset,Other services (except government and government enterprises),1223.1203090425572,758.2453280184492,0.07898138888894585,13376364.21329648,0.8388602218235749,2646.025346729859
83,39621.66666666667,1517.6967198137215,11391.666666666664,798.4991129195661,0.2875110419383333,0.015390547982233067,129893309.09081957,14657371.099464064,6.168754108805497,0.365115321145419,11402.485070152412,910.271825873488,subset,Government and government enterprises,2496.611104093572,1313.5310407526863,0.025317451430773394,24111375.458618388,0.6006147032842143,1497.3971535618878
