line,gdp,comp,tax_ratio,cfc_share,gos,gos_low,wages,gap,gap_se,cost,cost_se,gap_gdp,gap_gdp_se,gap_comp,gap_comp_se,gap_gos,gap_gos_se,gap_gos_low,gap_gos_low_se,gap_wages,gap_wages_se,self_funding,self_funding_low,window,label,gap_moe,cost_moe,gap_gdp_moe,gap_comp_moe,gap_gos_moe,gap_gos_low_moe,gap_wages_moe
3,44827568.041451015,,-0.12246026055545052,0.26467941094190617,,,,1117283.4881771572,560525.9694252725,1202755.6750227099,603406.2060863059,0.02683071439232549,0.013460605436555249,,,,,,,,,suppressed,suppressed,pool,"Agriculture, forestry, fishing and hunting",922065.2197045734,992603.2090119732,0.022142695943133384,,,,
6,492429610.30894244,,0.12156261492903506,0.42467967690166725,,,,1072636.5730976148,916956.8368665129,1154693.2709395823,987104.0348868011,0.002344890004106671,0.0020045586500525587,,,,,,,,,suppressed,suppressed,pool,"Mining, quarrying, and oil and gas extraction",1508393.9966454138,1623786.137388788,0.003297498979336459,,,,
10,110624470.8897591,56259246.86843469,0.1149013573493616,0.3197041876344959,41770502.875012234,6538888.317876095,,2440320.2517039464,1249127.7984940251,2627004.750959298,1344686.075078818,0.02374704918206745,0.012155412489329253,0.04669463061072772,0.023901601068770786,0.06289138435368978,0.0321922405172486,0.40175097405740356,0.20564444745182425,,,pass,pass,pool,Utilities,2054815.2285226714,2212008.5935046556,0.01999565354494662,0.03931813375812794,0.05295623565087395,0.3382851160582509,
11,948900859.9125617,401101271.3072182,-0.029055494077928713,0.051864063340683164,573970768.354347,524744631.9067968,,55452954.1522421,8848140.59210401,59695105.144888625,9525023.347399967,0.06290973869534626,0.010037954173924628,0.14882801281167207,0.023747178153679802,0.1040037375353499,0.016594962448539873,0.11376029694285933,0.01815173089582318,,,pass,pass,pool,Construction,14555191.274011098,15668663.406472946,0.016512434616106013,0.03906410806280328,0.027298713227848093,0.029859597323629132,
12,1540383404.7134395,529254874.3916109,0.015307532678996833,0.22485522849910078,985108634.5141366,640711458.597502,,23214701.34437122,4109701.555087347,24990625.997215617,4424093.72405153,0.016223640115017125,0.0028720730894101995,0.047218508900731135,0.008359098684045402,0.025368396054655632,0.004490970405749746,0.03900449361701653,0.006904970505343758,,,pass,pass,pool,Manufacturing,6760459.058118686,7277634.176064766,0.004724560232079778,0.013750717335254688,0.007387646317458332,0.011358676481290481,
34,1022190359.743449,395760015.58944,0.23236893766666666,0.06136578772446928,388721538.3316478,326010976.78090537,,8554737.47016208,2542179.736326176,9209174.886629479,2736656.4861551286,0.00900925624943363,0.002677247403156863,0.02326959400613892,0.006914939302494182,0.023690930340917807,0.007040146264857286,0.028248051576553128,0.008394369150319407,,,pass,pass,pool,Wholesale trade,4181885.66625656,4501799.919725186,0.00440407197819304,0.011375075152602929,0.011581040605690235,0.013808737252275424,
35,1525928302.8107057,659259696.8599374,0.24463538836403384,0.08814992621627872,493094231.33764917,358605381.3491761,,115926006.57207039,12979521.843374785,124794346.07483378,13972455.264392957,0.08178257513473407,0.009156691856790513,0.18929466895857716,0.021194159647471164,0.2530841736604704,0.02833627809128685,0.3479990891528781,0.03896331731505138,,,pass,pass,pool,Retail trade,21351313.432351522,22984688.909926414,0.015062758104420395,0.034864392620090064,0.04661317746016687,0.06409465698325952,
36,1032761786.9514596,601721029.4218632,0.019390835523096162,0.14240018912003122,406988313.66385394,261243453.213032,,59928469.46261424,10199604.64064319,64512997.37650423,10979874.395652395,0.062466483744461364,0.010631565317751687,0.10721413117053373,0.0182474499955601,0.15851314450711182,0.02697835300676732,0.24694589121013052,0.04202928058334466,,,pass,pass,pool,Transportation and warehousing,16778349.633858047,18061893.380848188,0.017488924947701524,0.030017055242696364,0.04437939069613224,0.06913816655960196,
45,1026078431.2022377,478720862.0519725,0.09627909847073081,0.3050868287643781,448962897.5118324,135410163.44718713,,13721601.422804914,3367030.8622932737,14771303.931649491,3624608.723258709,0.014395881915520064,0.0035324870039533138,0.03085577651313186,0.0075714450958379205,0.03290094574298357,0.008073292344081022,0.1090856369685324,0.026767626823465025,,,pass,pass,pool,Information,5538765.768472435,5962481.349760576,0.005810941121503202,0.012455027182653379,0.013280565906013281,0.04403274612459997,
51,1794968148.430964,951955459.89026,0.09605110038237889,0.13620489932665464,671110777.7316065,426779571.6198457,,15835550.764717601,2960927.1167071215,17046970.398218498,3187438.041135216,0.009497087963995222,0.0017757630094558793,0.017907319319523256,0.0033483058561402223,0.025401127449984115,0.004749496129251481,0.03994326704419466,0.007468581565507614,,,pass,pass,pool,Finance and insurance,4870725.106983215,5243335.577667431,0.0029211301505549215,0.005507963133350666,0.007812921132618686,0.012285816675260025,
56,3649644519.175353,223127990.06205377,0.051691439399705774,0.25104912137491,3237479509.7624044,2320589443.3987103,,13163065.863412714,3655148.632948451,14170040.401963787,3934767.5033690077,0.003882580982206329,0.0010781234946843751,0.06350633283624785,0.01763457602192677,0.004376874157576896,0.0012153798939897465,0.006106224624210347,0.001695589676391094,,,pass,pass,pool,Real estate and rental and leasing,6012719.501200202,6472692.543042018,0.0017735131487557972,0.029008877556069533,0.001999299925613133,0.0027892450176633496,
60,3457969784.0541,2008044001.1910338,-0.020939520388725458,0.08991764801189021,1519493819.565134,1208580284.3050182,,30167255.653796393,4881550.49588861,32475050.711311817,5254989.108824089,0.009391363354609274,0.0015196746753128583,0.016172479632941234,0.0026169691031208433,0.021372282198953527,0.003458381364346728,0.026870412444288932,0.00434806787523091,,,pass,pass,pool,"Professional, scientific, and technical services",8030150.565736764,8644457.084015626,0.002499864840889652,0.004304914174633787,0.005689037344350368,0.0071525716547548475,
64,495810066.1073707,443522498.2223651,0.016057151107704965,0.09096295566351134,44726334.32137708,-470714.84843346366,,0.0,0.0,0.0,0.0,0.0,0.0,0.0,0.0,0.0,0.0,,,,,pass,pass,pool,Management of companies and enterprises,0.0,0.0,0.0,0.0,0.0,,
65,1034960480.1688559,805299154.9962963,-0.008944417930633834,0.07896274641836165,238235044.74922213,156582852.77745932,,36377975.47782034,4972410.4234988,39160890.60187359,5352799.820896458,0.037838054063170035,0.005171984750589837,0.048628997508452246,0.0066469706166785636,0.16437921903176025,0.022468565976643266,0.25009692892446106,0.03418509578762134,,,pass,pass,pool,Administrative and support and waste management and remediation services,8179615.146655526,8805355.705374673,0.008507914914720282,0.010934266664436237,0.03696079103157817,0.05623448257063711,
69,1599677146.0921395,1451766834.5310886,0.014950152206958769,0.11730949048930588,123994622.34356813,-63651719.344352864,,60039424.7083254,7538219.567671712,64632440.69851229,8114893.364598597,0.040403428189496396,0.005072831967639544,0.04451984930444299,0.005589667136334366,0.5212519662298477,0.06544552667867805,,,,,pass,fail,pool,Educational services,12400371.188819965,13348999.584764693,0.00834480858676705,0.009195002439270033,0.1076578913864254,,
70,2542461036.792739,2076849585.5977826,-0.0219202237924959,0.07818783836829098,519560964.306008,320873684.881814,,116391398.59816727,9901267.337609056,125295340.59092706,10658714.28893615,0.04928112516877919,0.004192282255142008,0.06032952095318118,0.0051321551463575235,0.24115618608547224,0.020514848152946383,0.3904818203994402,0.03321778877835378,,,pass,pass,pool,Health care and social assistance,16287584.770366898,17533585.005299967,0.006896304309708602,0.008442395215758127,0.0337469252115968,0.05464326254039197,
76,409835843.9010881,286335649.03382194,0.3088740032521636,0.156370475623662,-4766689.730652625,-67430733.44078928,,31970738.069822483,5350742.464725842,34416499.5321639,5760074.263277369,0.08397630427969632,0.014054588804261674,0.12019634875466949,0.020116511104060916,,,,,,,fail,fail,pool,"Arts, entertainment, and recreation",8801971.35447401,9475322.163091272,0.023119798583010456,0.033091660766180205,,,
79,2662950282.775319,1562004878.636372,0.09779027040903354,0.06691421644409938,814824754.5842769,640452339.9162972,,200105353.86562413,14142113.168676753,215413413.4363444,15223984.826080523,0.08089276575296822,0.005716961718945098,0.13790828465555113,0.009746438717509666,0.264367782427337,0.01868375345794175,0.33634573567878207,0.023770675626027374,,,pass,pass,pool,Accommodation and food services,23263776.162473258,25043455.03890246,0.009404402027664687,0.016032891690303402,0.030734774438314183,0.03910276140481503,
82,722796129.5110737,551789346.7012085,0.012542798207872264,0.09658010999306976,159903181.7458652,90196927.9110128,,52118959.262046166,7507815.473129955,56106059.6455927,8082163.356824397,0.07762363044686602,0.011181802207894326,0.10168021543187546,0.014647189919744596,0.35087519230706926,0.05054410593073384,0.6220395854385002,0.08960574981886481,,,pass,pass,pool,Other services (except government and government enterprises),12350356.453298775,13295158.721976133,0.018394064631986166,0.02409462741797986,0.08314505425605717,0.14740145845203262,
83,4793804573.218963,3878176455.360803,-0.010993272825762953,,968164548.602095,0.0,,116294727.5076063,10498876.972405992,125191274.16193818,11302041.06079505,0.026115222731717295,0.0023576349198578014,0.032280963902219115,0.002914266844452691,0.12930784786811111,0.011673677865104379,,,,,n/a,n/a,pool,Government and government enterprises,17270652.61960786,18591857.54500786,0.003878309443166083,0.004793968959124676,0.019203200088096704,,
total,30909003739.55674,17753080157.12026,0.05343657128732131,,11488612460.094025,7016646722.114987,14615046819.539944,953893160.5085824,32726559.49805207,1026865987.2874889,35230141.29965305,0.03322222857585429,0.0011398019035652775,0.057841567671604414,0.0019844523309676624,0.08938120167725502,0.0030665270868893706,0.14634711251045665,0.005020937022326505,0.06526788263402972,0.002239237403899213,pass,pass,pool,,53835190.37429566,57953582.43792927,0.0018749741313648814,0.003264424084441805,0.005044437057933015,0.0082594414017271,0.0036835455294142055
private,26115198914.024097,13874903701.759455,0.0612865064359289,,10618388627.79717,7016646722.114987,,837598433.0009762,31240556.365534972,901674713.1255509,33630458.9274984,0.034526817739126754,0.0012877734164773503,0.06498601593978709,0.002423833682048098,0.08491634133310179,0.003167190437865447,0.12850507497885888,0.004792953138356289,,,pass,pass,pool,,51390715.22130503,55322104.93573487,0.0021183872701052413,0.003987206406969121,0.00521002827028866,0.007884407912596095,
3,44318942.34220789,,-0.04858036579172372,0.24471316389058448,,,,1459276.5908214536,887279.6902510574,1570911.250019295,955156.5865552633,0.035445594298923765,0.021551881341843392,,,,,,,,,suppressed,suppressed,subset,"Agriculture, forestry, fishing and hunting",1459575.0904629894,1571232.5848834082,0.03545284480733238,,,,
6,474652108.0018592,,0.1269440282562715,0.3404392317604133,,,,64595.14566895188,51468.24721139788,69536.6743126267,55405.56812306982,0.00014650029598594835,0.0001167287939714634,,,,,,,,,suppressed,suppressed,subset,"Mining, quarrying, and oil and gas extraction",84665.26666274952,91142.15956244984,0.00019201886608305729,,,,
10,91096673.66038261,47262137.533812225,0.11542336432153949,0.32260306231654257,33474052.384009067,4207618.607476004,,3095558.8843899113,2040686.066141039,3332369.1390457395,2196798.5502008284,0.03658057978570261,0.024115024862386415,0.0705082189027464,0.046481150976914604,0.09955081329315389,0.06562690782100418,0.7919845998220607,0.5221002080125811,,,pass,pass,subset,Utilities,3356928.578802009,3613733.6150803627,0.039669215898625654,0.07646149335702453,0.10795626336555188,0.8588548421806959,
11,977436359.8452524,400933768.00019914,0.008026054980328082,0.052110900431125456,568671339.771711,517733118.4194514,,55484757.85180326,10633885.57020865,59729341.827466205,11447377.816329611,0.061108164460878606,0.011711634932571937,0.14897558298815214,0.02855179266497684,0.10503314946634047,0.02013004175825896,0.11536704858636324,0.02211057668336237,,,pass,pass,subset,Construction,17492741.76299323,18830936.50786221,0.019265639464080837,0.0469676989338869,0.03311391869233599,0.0363718986441311,
12,1698820226.2020476,525242582.8734617,0.024453657645526428,0.2199334454526812,1132173475.3136475,758680904.2791576,,26687945.598573454,5896501.77093696,28729573.436864324,6347584.156413638,0.01691148539071338,0.0037364660830560975,0.05469772324949838,0.012085052437461758,0.025375593107677542,0.005606547313480524,0.037867795636903546,0.008366605934868813,,,pass,pass,subset,Manufacturing,9699745.4131913,10441775.937300434,0.006146486706627281,0.019879911259624593,0.009222770330675461,0.013763066762859199,
34,1031992842.1378993,403487964.4511531,0.24510785929499748,0.061334659266933135,375365222.07325166,312111839.7120297,,11077446.705220852,3972542.9481328377,11924871.378170248,4276442.483665,0.011555188070361438,0.004143868357464405,0.029554466127362993,0.010598686603904173,0.03176871664430099,0.011392750932132071,0.03820704587551931,0.013701634925514725,,,pass,pass,subset,Wholesale trade,6534833.149678518,7034747.885628925,0.006816663448028946,0.017434839463422364,0.018741075283357257,0.02253918945247172,
35,1531834397.3688583,658354635.5721513,0.2525709876247087,0.09101040782352887,486597202.778183,347183893.8454696,,103550023.88155779,11612718.367736652,111471600.70849696,12501091.322868507,0.07277000758043112,0.008160863435591272,0.1693184716647756,0.01898838505481818,0.22908393240252897,0.02569084090803369,0.32107365198833965,0.03600711768165346,,,pass,pass,subset,Retail trade,19102921.714926794,20564295.226118695,0.013424620351547643,0.031235893415175908,0.04226143329371542,0.059231708586319945,
36,1118389624.109936,599168865.7288876,0.04677335515726935,0.1340545910718032,466978434.32798463,316971220.6911846,,66323915.13424024,14023028.65987993,71397694.64200962,15095790.352360746,0.06383973268603155,0.013497791849038876,0.11916122269663408,0.02519455067812436,0.1528929162323224,0.0323265256865334,0.22524977026721998,0.047625113470689866,,,pass,pass,subset,Transportation and warehousing,23067882.145502485,24832575.129633427,0.022203867591668952,0.04144503586551457,0.053177134754347447,0.07834331165928483,
45,1112612673.890929,490010210.70376366,0.09332297862328298,0.3165310346539117,518490743.92070246,167647894.52775654,,11258393.704977537,3620246.849311841,12119660.823408319,3897195.7332841973,0.010892973905307524,0.0035027425309252275,0.024733486279809945,0.007953294948052117,0.023374883670559583,0.007516422962181618,0.07229235331316215,0.02324631480915473,,,pass,pass,subset,Information,5955306.067117979,6410886.9812525045,0.005762011463372,0.013083170189545733,0.012364515772788761,0.03824018786105953,
51,1744869828.6587198,909477746.3797693,0.1021492013322532,0.13833910863876916,657192630.197893,415804159.0742361,,15286083.884026397,4171958.2412525974,16455469.301154416,4491113.046708421,0.009430771872423128,0.0025738957559720867,0.018093317144544107,0.004938123076222113,0.0250390350485205,0.006833784860545472,0.03957504739200196,0.010801029640270132,,,pass,pass,subset,Finance and insurance,6862871.306860522,7387880.961835353,0.004234058518574083,0.008123212460385375,0.011241576095597302,0.017767693758244368,
56,3709883175.260742,231914518.3731769,0.05462830913694019,0.25053977717558856,3275160459.1268144,2344602084.3200774,,7045658.923556225,3235994.4912821017,7584651.831208277,3483548.0698651825,0.0020444449253244215,0.0009389913119354083,0.032704514941163394,0.015020827908064627,0.002315810759766686,0.0010636266874063098,0.0032349420321392346,0.0014857736812408377,,,pass,pass,subset,Real estate and rental and leasing,5323210.938159057,5730436.574928225,0.0015446407081337466,0.024709261908766312,0.0017496659007833798,0.002444097705641178,
60,3501903803.607537,1990313960.1759999,0.011875963242927784,0.08996049664180994,1470010937.7002687,1154966775.5687795,,38378342.22906801,7754217.045592636,41314285.40959171,8347414.649580472,0.011797664278222379,0.0023836790265287307,0.020757672526166858,0.004194019042524489,0.02810474694441735,0.0056784711157587915,0.03577097305612615,0.0072274067325180606,,,pass,pass,subset,"Professional, scientific, and technical services",12755687.039999885,13731497.098559877,0.003921151998639762,0.006899161324952785,0.009341084985423211,0.01188908407499221,
64,422313799.3365826,376398608.81881315,0.01968388646300272,0.09029393587351002,37609454.125980996,-496188.1946390874,,0.0,0.0,0.0,0.0,0.0,0.0,0.0,0.0,0.0,0.0,,,,,pass,pass,subset,Management of companies and enterprises,0.0,0.0,0.0,0.0,0.0,,
65,1048119582.3904573,799765783.8858472,0.01482489953098867,0.07807736842320971,232810639.21703127,150983313.2925714,,35863007.37710016,6043510.811438215,38606527.44144832,6505839.388513238,0.036834086577600254,0.006207153742586607,0.048272291987623644,0.008134680827308104,0.16582802045167042,0.027944768376536047,0.2557006241255127,0.0430897908294435,,,pass,pass,subset,Administrative and support and waste management and remediation services,9941575.284815865,10702105.794104276,0.010210767906554969,0.013381549960921831,0.0459691439794018,0.07088270591443456,
69,1600999101.6200998,1434943575.204149,0.026979391714998652,0.11760670736526092,122857082.27043234,-65413732.57741499,,73278364.31608348,11089262.644362098,78884159.18626386,11937591.236655798,0.04927183226176615,0.0074563384979890275,0.054973701091376385,0.008319206025196802,0.642080682110165,0.09716648821578586,,,,,pass,fail,subset,Educational services,18241837.049975652,19637337.584298786,0.012265676829191951,0.01368509391144874,0.15983887311496772,,
70,2572861260.930129,2063615672.4060395,0.00892896535479565,0.0774708268656844,486035529.46795017,286817528.24874943,,105174174.0647037,10013466.472099135,113219998.38065353,10779496.657214718,0.04400548140700084,0.004189692161371252,0.05486486650328959,0.005223597010506582,0.23294592990885332,0.022178412901243533,0.39474574330220413,0.037583116774738884,,,pass,pass,subset,Health care and social assistance,16472152.346603077,17732272.001118213,0.00689204360545571,0.008592817082283327,0.036483489222545615,0.06182422709444547,
76,461157960.65450317,314466989.5699251,0.32858350938918063,0.1418324043178779,-5008616.495316003,-70265181.94733013,,35067038.42626177,7890040.661387714,37749666.865870796,8493628.771983873,0.08185843048723304,0.01841804651909121,0.12004333719573688,0.027009603722158642,,,,,,,fail,fail,subset,"Arts, entertainment, and recreation",12979116.88798279,13972019.32991347,0.03029768652390504,0.04443079812295097,,,
79,2982344661.997706,1739494742.5422716,0.15850142827947974,0.06115537895801665,771883194.5126143,590034065.7316293,,196267322.80971566,19482254.925419495,211281773.0046589,20972647.427214086,0.07084418367095541,0.007032268166203728,0.12146157607574634,0.012056746659988498,0.2737224679934473,0.02717075274641356,0.35808402476334,0.03554480774124197,,,pass,pass,subset,Accommodation and food services,32048309.35231507,34500005.01776717,0.011568081133405133,0.01983334825568108,0.04469588826785031,0.05847120873434304,
82,756123997.8220615,554896575.9837018,0.05363408829078365,0.09486669799600152,160695846.81392577,88991176.09836234,,47464557.20094882,8131528.397140718,51095595.8268214,8753590.319521982,0.06757568331913427,0.011576924346715369,0.09208129593562704,0.01577517450707623,0.3179646321910636,0.05447303395250787,0.5741647438207268,0.09836469977480239,,,pass,pass,subset,Other services (except government and government enterprises),13376364.21329648,14399656.07561366,0.01904404055034678,0.0259501620641404,0.08960814085187545,0.16180993112954994,
83,4636790708.844462,3721991789.403342,-0.01123926355229435,,966761032.7834848,0.0,,129893309.09081957,14657371.099464064,139830147.23626727,15778659.988573065,0.03015666568032665,0.0034029269335956883,0.03756863398634281,0.004239305426061265,0.14463775689600383,0.01632115843885781,,,,,n/a,n/a,subset,Government and government enterprises,24111375.458618388,25955895.68120269,0.0055978148057649075,0.006973657425870781,0.026848305631921098,,
total,31518522465.87456,17626702127.95848,0.06844029660289294,,11734690487.724289,7245048642.931535,14554325151.221727,962719771.8195372,38450992.00574143,1036367834.3637317,41392492.894180655,0.032881231519841014,0.0013132751682442205,0.05879533374084217,0.0023482834505114954,0.08831658878842016,0.003527361282982412,0.143044979466748,0.0057132111783078626,0.06614664450716384,0.0026418945300609666,pass,pass,subset,,63251881.84944466,68090650.81092718,0.0021603376517617427,0.0038629262760914098,0.005802509310506068,0.009398232388316434,0.00434591650195029
private,26881731757.0301,13904710338.555138,0.07776554351872084,,10886465564.458094,7245048642.931535,,832826462.7287178,35511153.97464227,896537687.1274648,38227757.2537024,0.033351187908234464,0.0014220719706313225,0.06447726455987615,0.0027492667105552026,0.08235342148644298,0.0035114938845264517,0.12374488168580498,0.005276397597550768,,,pass,pass,subset,,58415848.28828654,62884660.68234045,0.0023393083916885254,0.004522543738863309,0.005776407440046013,0.008679674047971013,
