source,measure,est,se,moe
survey_orleans,p10,9.936910338434041,0.2410502587801172,0.39652767569329284
survey_orleans,p25,15.700057962087715,0.2915620673698607,0.4796196008234208
survey_orleans,p50,25.08381925130205,0.19691101015272416,0.32391861170123126
survey_orleans,p75,40.29969192809361,0.7522981292423907,1.2375304226037327
survey_orleans,p90,64.32316246458147,1.2107546702802192,1.9916914326109607
survey_orleans,share_below,0.37330431442837025,0.007582092349954992,0.012472541915675962
survey_metro,p10,9.568876622195742,0.16678993445544293,0.2743694421792036
survey_metro,p25,15.050291550781228,0.06289902487518148,0.10346889591967354
survey_metro,p50,24.33664165658241,0.3196320948155618,0.5257947959715992
survey_metro,p75,39.25014490521929,0.20555946001953565,0.33814531173213613
survey_metro,p90,61.33895270638297,1.0089191552505155,1.6596720103870979
survey_metro,share_below,0.39540797276415834,0.00458825579102403,0.00754768077623453
oews_metro,employment,445550.0,,
oews_metro,p10,11.469013431178054,,
oews_metro,p25,15.345721219592056,,
oews_metro,p50,22.88768000796112,,
oews_metro,p75,36.23966579351169,,
oews_metro,p90,51.7767050598047,,
oews_metro,share_below,0.4138923958333222,,
