window,measure,est,se,moe
pool,workers,195275.0,2736.8445882073756,4502.109347601133
pool,below,72897.0,1854.384466608799,3050.462447571474
pool,share_below,0.37330431442837025,0.007582092349954992,0.012472541915675962
pool,total_gap,953893160.5085824,32726559.49805207,53835190.37429566
pool,mean_short_hr,7.409083299564756,0.11376057456580821,0.1871361451607545
pool,mean_short_yr,13085.49268843138,283.0246647251152,465.5755734728145
subset,workers,200451.6666666667,3582.912339610517,5893.8907986593
subset,below,75843.33333333334,2305.3671676715144,3792.328990819641
subset,share_below,0.3783621987012663,0.009280365929668882,0.015266201954305312
subset,total_gap,962719771.8195372,38450992.00574143,63251881.84944466
subset,mean_short_hr,7.3899805083140295,0.14743524071265338,0.2425309709723148
subset,mean_short_yr,12693.531909895888,359.09932121600434,590.7183834003272
