household,workers,workers_se,share_below_own,share_below_own_se,gap_own,gap_own_se,share_below_floor,share_below_floor_se,annual_share_below,annual_share_below_se,annual_gap,annual_gap_se,window,workers_moe,share_below_own_moe,gap_own_moe,share_below_floor_moe,annual_share_below_moe,annual_gap_moe
a1_w1_c0,86238.0,1647.698971292997,0.45165704213919616,0.009690457784629207,500404546.1344673,20336718.708939314,0.45165704213919616,0.009690457784629207,0.5241077019411396,0.009567718451158376,963928631.3174708,28201157.93079431,pool,2710.46480777698,0.015940803055715044,33453902.27620517,0.015940803055715044,0.01573889685215553,46390904.79615664
a1_w1_c1,8667.0,658.7867636800241,0.7802007615091727,0.024690555556444952,225200232.5199352,26408237.025490087,0.5137879312334142,0.03829546962317797,0.8221991461866851,0.0220472495798582,274175257.0075148,26792875.355115596,pool,1083.7042262536397,0.04061596389035195,43441549.90693119,0.06299604753012776,0.03626772555886674,44074279.959165156
a1_w1_c2,4743.0,506.73232578946454,0.8121442125237192,0.05964440345543891,180114418.59521288,26605708.602179017,0.5266708834071263,0.06218207803954171,0.8652751423149905,0.03458646860377673,211239292.8609087,24789509.39941135,pool,833.5746759236691,0.098115043684197,43766390.65058448,0.10228951837504612,0.05689474085321272,40778742.96203167
a1_w1_c3,2456.0,380.9259114316064,0.9108306188925082,0.04772108934881227,140554168.23414788,23378544.176496375,0.6074918566775245,0.07756353067000336,0.9592833876221498,0.02076895372193022,193453640.11358702,32346214.82172128,pool,626.6231243049925,0.0785011919787962,38457705.17033654,0.12759200795215553,0.03416492887257521,53209523.38173151
a2_w1_c0,10630.0,612.132583677752,0.4281279397930386,0.028280164389962708,94550136.6206869,10999041.033701533,0.2446848541862653,0.02592160237812136,0.4574788334901223,0.029761525324310447,131875535.36781365,13369706.090877479,pool,1006.9581001499021,0.046520870421488655,18093422.50043902,0.042641035912009635,0.04895770915849069,21993166.519493453
a2_w1_c1,2165.0,326.66710884323817,0.5695150115473441,0.061015475864273166,32543087.203392208,8081116.25448686,0.12147806004618937,0.03804421921603347,0.4840646651270208,0.06769310206151204,29340432.39554748,6951151.812208553,pool,537.3673940471268,0.10037045779672936,13293436.238630885,0.06258274061037507,0.1113551528911873,11434644.731083069
a2_w1_c2,2541.0,336.65806094611787,0.6702085792994884,0.04867987058717653,66666906.248599455,14586205.416425707,0.3297914207005116,0.06324877895100262,0.6103896103896104,0.06582046101996386,60807488.19291574,11293452.216689033,pool,553.8025102563639,0.0800783871159054,23994307.910020288,0.1040442413743993,0.10827465837784055,18577728.89645346
a2_w1_c3,1409.0,278.4201860497906,0.6884315117104329,0.08021617267654399,40199289.21780759,12061272.948622197,0.30234208658623135,0.07525778448425262,0.7210787792760823,0.07489683099115269,36047116.869888246,8987533.010052264,pool,458.0012060519055,0.13195560405291487,19840794.000483513,0.12379905547659556,0.12320528698044617,14784491.801535973
a2_w2_c0,43932.0,1491.9119947235492,0.1345488482199763,0.012117176691043022,58760412.9361224,9507352.674091028,0.29823363379768736,0.018174114788742986,0.187562596740417,0.0141967926849421,102876415.76387522,10298497.617589952,pool,2454.1952313202387,0.01993275565676577,15639595.14887974,0.029896418827482212,0.023353723966729755,16941028.58093547
a2_w2_c1,14490.0,700.5746569781126,0.25300207039337475,0.02015585026050687,38657237.35230577,4383737.417012941,0.26031746031746034,0.02019487521191253,0.2685300207039337,0.021560909060832953,68277841.89774275,7651352.1439224165,pool,1152.445310728995,0.0331563736785338,7211248.050986288,0.03322056972359611,0.03546769540507021,12586474.276752375
a2_w2_c2,12852.0,771.5453000310481,0.3551976346093993,0.03871142045187268,69022632.45683439,12569253.223091997,0.22549019607843138,0.03333713008132968,0.3239962651727358,0.03624502436329614,83550213.90116376,13447207.467856398,pool,1269.1920185510742,0.06368028664333056,20676421.551986337,0.05483957898378732,0.05962306507762215,22120656.284623776
a2_w2_c3,5152.0,489.16842702692907,0.44118788819875776,0.03964770191400842,49812200.10799159,9263861.544407567,0.3113354037267081,0.036030899641965305,0.48757763975155277,0.035800092813190576,73347421.77041183,8254078.647034441,pool,804.6820624592983,0.06522046964854385,15239052.240550447,0.05927082991103293,0.0588911526776985,13577959.374371655
a1_w1_c0,87971.66666666667,2225.3863584655246,0.4734668359130781,0.010651335299922963,516532840.00419533,22949148.98975199,0.4734668359130781,0.010651335299922963,0.5355322736487127,0.011213480365729335,1004186494.946164,37928399.17204104,subset,3660.760559675788,0.017521446568373275,37751350.08814202,0.017521446568373275,0.018446175201624757,62392216.638007514
a1_w1_c1,8795.0,740.8995096052724,0.7699450445328785,0.03231673898630434,195841476.4180292,24870457.663960174,0.4485503126776579,0.047047518325882366,0.7951487587644496,0.03188156295018889,247303935.44519848,27771879.863412313,subset,1218.7796933006732,0.05316103563247064,40911902.85721449,0.0773931676460765,0.05244517105306072,45684742.37531325
a1_w1_c2,4458.333333333334,615.6689000139966,0.8665420560747663,0.046840270472119125,185978044.52116162,38457584.51567555,0.5872897196261682,0.07317473701179925,0.8355140186915888,0.04461718135679368,199553364.38393188,34237402.217192344,subset,1012.7753405230244,0.07705224492663595,63262726.528286286,0.12037244238440976,0.0733952633319256,56320526.64728141
a1_w1_c3,2590.0,535.7687882328014,0.8693693693693695,0.07420009559959234,132975831.46642318,30220108.330322146,0.5990990990990991,0.0981345081184563,0.9459459459459459,0.03307918463821744,208713764.06548852,47889371.522735,subset,881.3396566429583,0.1220591572613294,49712078.20337993,0.16143126585486062,0.054415258729867695,78778016.15489908
a2_w1_c0,10335.0,708.1365412906688,0.4636348975971617,0.03465977645543981,98295042.24420628,13260482.126710074,0.2564102564102564,0.030369208975365766,0.5107240767618126,0.03619654291243042,137026578.7740171,16062382.74151481,subset,1164.8846104231502,0.057015332269198485,21813493.098438073,0.04995734876447668,0.05954331309094804,26422619.60979186
a2_w1_c1,2365.0,378.90228878227225,0.5940803382663848,0.0669061587265711,31459332.820486724,8199549.494379188,0.1338971106412967,0.050059598073253324,0.5426356589147288,0.07848128957210214,32768654.96743838,8397160.519782566,subset,623.2942650468378,0.11006063110520946,13488258.918253765,0.08234803883050172,0.12910172134610803,13813329.05504232
a2_w1_c2,2786.666666666667,410.68117533894565,0.6273923444976076,0.059104488177722306,72391017.46254498,18044140.302564606,0.3630382775119617,0.07799430221677837,0.6285885167464115,0.06498035116063122,69163389.98957187,15437746.097502196,subset,675.5705334325656,0.09722688305235319,29682610.79771878,0.12830062714660043,0.10689267765923836,25395092.330391113
a2_w1_c3,1348.3333333333335,323.40076616414433,0.6909765142150803,0.10125529857032367,30722858.289280236,9029909.97764047,0.16069221260815822,0.06976720910725416,0.6872682323856613,0.10324899758780594,28214653.763886362,8393154.743873922,subset,531.9942603400174,0.16656496614818245,14854201.913218575,0.11476705898143309,0.16984460103194077,13806739.553672602
a2_w2_c0,45600.0,1919.4315564770732,0.12521929824561404,0.014290308744906744,59733219.26944863,12037379.42445079,0.2879751461988304,0.023842594812986822,0.18976608187134505,0.017518177634844225,112559822.72083582,12621905.751209605,subset,3157.4649104047853,0.023507557885371594,19801489.15322155,0.03922106846736332,0.028817402209318752,20763034.960739803
a2_w2_c1,15326.666666666668,1055.5222509365792,0.27240104393214437,0.02560596040702284,42227810.803622834,5606892.641433069,0.2828403653762505,0.02574107660585756,0.28099173553719003,0.029744576277937123,68560058.8226898,9184858.776663687,subset,1736.334102790673,0.042121804869552575,9223338.395157399,0.04234407101663569,0.04892982797720657,15109092.687611766
a2_w2_c2,13441.666666666668,973.6764520790947,0.35375077495350277,0.03415058777599713,69432709.39239956,10704682.53793848,0.216615003099814,0.02860874180047892,0.32833230006199615,0.030593920969578275,84676893.54061225,12456636.963899864,subset,1601.6977636701108,0.05617771689151528,17609202.7749088,0.04706138026178782,0.05032699999495626,20491167.805615276
a2_w2_c3,5433.333333333334,601.7004838141835,0.3880368098159509,0.04816315203308801,42608559.31639494,10397496.811374236,0.27668711656441713,0.042577224628177396,0.4371165644171779,0.0468497255397408,73875448.9715528,11945189.29882718,subset,989.7972958743319,0.07922838509442978,17103882.25471062,0.07003953451335182,0.07706779851287363,19649836.396570712
