sensitivity,variant,workers_below,workers_below_se,total_gap,total_gap_se,factor,loop_gain,workers_below_moe,total_gap_moe
headline,headline,72897.0,1854.384466608799,953893160.5085824,32726559.49805207,1.0,,3050.462447571474,53835190.37429566
passthrough,p=0 base=resident_pce,72897.0,1854.384466608799,953893160.5085824,32726559.49805207,1.0,0.0,3050.462447571474,53835190.37429566
passthrough,p=0 base=gdp,72897.0,1854.384466608799,953893160.5085824,32726559.49805207,1.0,0.0,3050.462447571474,53835190.37429566
passthrough,p=0.5 base=resident_pce,76318.0,1891.7512389318,1026243897.1076207,34468985.5776285,1.025943751003815,0.07296479628551174,3111.930788042811,56701481.275198884
passthrough,p=0.5 base=gdp,74116.0,1888.0646307793597,1002131030.0820884,33896119.8998494,1.0174511250122082,0.04872452231650446,3105.866317632047,55759117.23525226
passthrough,p=1 base=resident_pce,79056.0,1942.2936827369851,1116254110.2927802,36573226.21140201,1.056438492006291,0.1516183961006443,3195.0731081023405,60162957.1177563
passthrough,p=1 base=gdp,77547.0,1912.9829716962981,1057970085.2303687,35216586.56867355,1.036846987538934,0.102226704202942,3146.8569884404105,57931284.905467995
outliers_included,outliers_included,73479.0,1832.24130506874,974908169.6608725,31277943.25506155,1.0,,3014.0369468380773,51452216.65457625
hours_rule,hours_rule,81761.0,1911.0998665689872,1639264541.9672813,40190086.76602072,1.0,,3143.759280505984,66112692.73010409
la_residents_only,la_residents_only,71471.0,1780.8886124628907,933951812.8920796,32274648.02703443,1.0,,2929.561767501455,53091796.00447164
years_2022_2024,years_2022_2024,75843.33333333334,2305.3671676715144,962719771.8195372,38450992.00574143,1.0,,3792.328990819641,63251881.84944466
metro_thresholds,metro_thresholds,73357.0,1870.61463161176,981059069.8026738,33386280.648685347,1.0,,3077.161069001345,54920431.6670874
self_employed_included,self_employed_included,80756.0,1752.3379382984322,1078946914.6503165,33497004.735581387,1.0,,2882.595908500921,55102572.79003138
own_threshold,county,76673.0,1839.4866131614006,1496485267.6275039,52622047.114576966,1.0,,3025.955478650504,86563267.50347911
own_threshold,metro,76936.0,1846.2990548662478,1519282871.1677818,53045596.37973254,1.0,,3037.1619452549776,87260006.04466003
own_threshold_passthrough,p=0 base=resident_pce,76673.0,1839.4866131614006,1496485267.6275039,52622047.114576966,1.0,0.0,3025.955478650504,86563267.50347911
own_threshold_passthrough,p=0 base=gdp,76673.0,1839.4866131614006,1496485267.6275039,52622047.114576966,1.0,0.0,3025.955478650504,86563267.50347911
own_threshold_passthrough,p=0.5 base=resident_pce,80658.0,1884.1331693911661,1651451907.3980207,56281047.0434826,1.0417492437592148,0.09615211448905318,3099.399063648468,92582322.38652888
own_threshold_passthrough,p=0.5 base=gdp,79271.0,1864.381050107515,1598978286.1658459,55041714.6804915,1.027844609244785,0.06520221812483462,3066.906827426862,90543620.64940852
own_threshold_passthrough,p=1 base=resident_pce,85070.0,1852.697627784955,1853760435.8042483,61005455.845595576,1.0937272095228763,0.2019095907283614,3047.6875977062514,100353974.86600472
own_threshold_passthrough,p=1 base=gdp,82106.0,1837.8606448803457,1721362855.1493511,57925714.58950459,1.05995165301749,0.1346752072163081,3023.2807608281687,95287800.49973506
survey_scaled_to_bea,all,63525.0,1732.0909040809609,771143411.9921234,29099578.537865393,1.0,,2849.2895372131807,47868806.694788575
survey_scaled_to_bea,like_for_like,68951.0,1761.5560734759483,884684405.015853,31396609.937203854,1.0,,2897.759740867935,51647423.34670034
